StudentID,RoleName,ReadinessScore,Coverage,NumSkills,NumSkillsPresent,NumWeakOrMissing,WeakOrMissingSkills
IT21001288,Data Analyst,0.1054166666666666,1.0,1,1,1,Hypothesis Testing
IT21002809,Data Analyst,0.1375,1.0,1,1,1,Hypothesis Testing
IT21004505,Data Analyst,0.1054166666666666,1.0,1,1,1,Hypothesis Testing
IT21004753,Data Analyst,0.275,1.0,1,1,1,Hypothesis Testing
IT21005263,Data Analyst,0.1375,1.0,1,1,1,Hypothesis Testing
IT21006129,Data Analyst,0.1375,1.0,1,1,1,Hypothesis Testing
IT21007298,Data Analyst,0.12375,1.0,1,1,1,Hypothesis Testing
IT21008496,Data Analyst,0.0916666666666666,1.0,1,1,1,Hypothesis Testing
IT21009261,Data Analyst,0.1375,1.0,1,1,1,Hypothesis Testing
IT21010022,Data Analyst,0.0916666666666666,1.0,1,1,1,Hypothesis Testing
IT21011007,Data Analyst,0.0916666666666666,1.0,1,1,1,Hypothesis Testing
IT21011057,Data Analyst,0.1375,1.0,1,1,1,Hypothesis Testing
IT21012347,Data Analyst,0.1054166666666666,1.0,1,1,1,Hypothesis Testing
IT21013965,Data Analyst,0.12375,1.0,1,1,1,Hypothesis Testing
IT21014532,Data Analyst,0.15125,1.0,1,1,1,Hypothesis Testing
IT21014776,Data Analyst,0.12375,1.0,1,1,1,Hypothesis Testing
IT21015220,Data Analyst,0.12375,1.0,1,1,1,Hypothesis Testing
IT21015693,Data Analyst,0.0916666666666666,1.0,1,1,1,Hypothesis Testing
IT21017970,Data Analyst,0.1833333333333333,1.0,1,1,1,Hypothesis Testing
IT21018131,Data Analyst,0.15125,1.0,1,1,1,Hypothesis Testing
IT21018148,Data Analyst,0.1375,1.0,1,1,1,Hypothesis Testing
IT21022952,Data Analyst,0.1695833333333333,1.0,1,1,1,Hypothesis Testing
IT21023088,Data Analyst,0.1375,1.0,1,1,1,Hypothesis Testing
IT21024320,Data Analyst,0.1695833333333333,1.0,1,1,1,Hypothesis Testing
IT21024689,Data Analyst,0.1833333333333333,1.0,1,1,1,Hypothesis Testing
IT21025361,Data Analyst,0.12375,1.0,1,1,1,Hypothesis Testing
IT21027832,Data Analyst,0.1054166666666666,1.0,1,1,1,Hypothesis Testing
IT21028954,Data Analyst,0.0916666666666666,1.0,1,1,1,Hypothesis Testing
IT21031441,Data Analyst,0.12375,1.0,1,1,1,Hypothesis Testing
IT21031835,Data Analyst,0.1833333333333333,1.0,1,1,1,Hypothesis Testing
IT21032732,Data Analyst,0.0916666666666666,1.0,1,1,1,Hypothesis Testing
IT21035380,Data Analyst,0.1695833333333333,1.0,1,1,1,Hypothesis Testing
IT21036161,Data Analyst,0.15125,1.0,1,1,1,Hypothesis Testing
IT21036536,Data Analyst,0.1833333333333333,1.0,1,1,1,Hypothesis Testing
IT21038028,Data Analyst,0.1833333333333333,1.0,1,1,1,Hypothesis Testing
IT21038560,Data Analyst,0.12375,1.0,1,1,1,Hypothesis Testing
IT21039693,Data Analyst,0.1375,1.0,1,1,1,Hypothesis Testing
IT21042304,Data Analyst,0.15125,1.0,1,1,1,Hypothesis Testing
IT21043698,Data Analyst,0.1054166666666666,1.0,1,1,1,Hypothesis Testing
IT21043881,Data Analyst,0.1375,1.0,1,1,1,Hypothesis Testing
IT21044414,Data Analyst,0.1833333333333333,1.0,1,1,1,Hypothesis Testing
IT21044847,Data Analyst,0.1375,1.0,1,1,1,Hypothesis Testing
IT21044855,Data Analyst,0.0916666666666666,1.0,1,1,1,Hypothesis Testing
IT21045016,Data Analyst,0.0916666666666666,1.0,1,1,1,Hypothesis Testing
IT21045292,Data Analyst,0.0916666666666666,1.0,1,1,1,Hypothesis Testing
IT21047887,Data Analyst,0.1375,1.0,1,1,1,Hypothesis Testing
IT21048403,Data Analyst,0.1054166666666666,1.0,1,1,1,Hypothesis Testing
IT21048889,Data Analyst,0.0916666666666666,1.0,1,1,1,Hypothesis Testing
IT21049268,Data Analyst,0.0916666666666666,1.0,1,1,1,Hypothesis Testing
IT21051201,Data Analyst,0.0916666666666666,1.0,1,1,1,Hypothesis Testing
IT21051282,Data Analyst,0.1695833333333333,1.0,1,1,1,Hypothesis Testing
IT21052134,Data Analyst,0.0916666666666666,1.0,1,1,1,Hypothesis Testing
IT21053634,Data Analyst,0.0916666666666666,1.0,1,1,1,Hypothesis Testing
IT21054327,Data Analyst,0.0916666666666666,1.0,1,1,1,Hypothesis Testing
IT21054594,Data Analyst,0.12375,1.0,1,1,1,Hypothesis Testing
IT21056524,Data Analyst,0.1375,1.0,1,1,1,Hypothesis Testing
IT21058319,Data Analyst,0.1833333333333333,1.0,1,1,1,Hypothesis Testing
IT21058515,Data Analyst,0.1375,1.0,1,1,1,Hypothesis Testing
IT21059359,Data Analyst,0.1833333333333333,1.0,1,1,1,Hypothesis Testing
IT21059910,Data Analyst,0.12375,1.0,1,1,1,Hypothesis Testing
IT21061786,Data Analyst,0.0916666666666666,1.0,1,1,1,Hypothesis Testing
IT21062707,Data Analyst,0.1054166666666666,1.0,1,1,1,Hypothesis Testing
IT21063368,Data Analyst,0.15125,1.0,1,1,1,Hypothesis Testing
IT21063801,Data Analyst,0.0916666666666666,1.0,1,1,1,Hypothesis Testing
IT21065239,Data Analyst,0.15125,1.0,1,1,1,Hypothesis Testing
IT21068207,Data Analyst,0.0916666666666666,1.0,1,1,1,Hypothesis Testing
IT21068553,Data Analyst,0.12375,1.0,1,1,1,Hypothesis Testing
IT21068881,Data Analyst,0.15125,1.0,1,1,1,Hypothesis Testing
IT21069341,Data Analyst,0.0916666666666666,1.0,1,1,1,Hypothesis Testing
IT21070897,Data Analyst,0.0916666666666666,1.0,1,1,1,Hypothesis Testing
IT21073177,Data Analyst,0.0916666666666666,1.0,1,1,1,Hypothesis Testing
IT21073720,Data Analyst,0.12375,1.0,1,1,1,Hypothesis Testing
IT21073932,Data Analyst,0.1054166666666666,1.0,1,1,1,Hypothesis Testing
IT21074036,Data Analyst,0.1375,1.0,1,1,1,Hypothesis Testing
IT21074499,Data Analyst,0.1054166666666666,1.0,1,1,1,Hypothesis Testing
IT21075118,Data Analyst,0.1375,1.0,1,1,1,Hypothesis Testing
IT21075470,Data Analyst,0.1833333333333333,1.0,1,1,1,Hypothesis Testing
IT21076949,Data Analyst,0.1375,1.0,1,1,1,Hypothesis Testing
IT21077554,Data Analyst,0.1375,1.0,1,1,1,Hypothesis Testing
IT21077664,Data Analyst,0.15125,1.0,1,1,1,Hypothesis Testing
IT21078033,Data Analyst,0.1695833333333333,1.0,1,1,1,Hypothesis Testing
IT21079316,Data Analyst,0.12375,1.0,1,1,1,Hypothesis Testing
IT21083337,Data Analyst,0.12375,1.0,1,1,1,Hypothesis Testing
IT21083788,Data Analyst,0.12375,1.0,1,1,1,Hypothesis Testing
IT21085378,Data Analyst,0.1054166666666666,1.0,1,1,1,Hypothesis Testing
IT21086538,Data Analyst,0.15125,1.0,1,1,1,Hypothesis Testing
IT21087339,Data Analyst,0.1833333333333333,1.0,1,1,1,Hypothesis Testing
IT21087721,Data Analyst,0.1054166666666666,1.0,1,1,1,Hypothesis Testing
IT21088282,Data Analyst,0.15125,1.0,1,1,1,Hypothesis Testing
IT21091689,Data Analyst,0.1054166666666666,1.0,1,1,1,Hypothesis Testing
IT21092211,Data Analyst,0.0916666666666666,1.0,1,1,1,Hypothesis Testing
IT21093897,Data Analyst,0.1695833333333333,1.0,1,1,1,Hypothesis Testing
IT21094026,Data Analyst,0.15125,1.0,1,1,1,Hypothesis Testing
IT21099570,Data Analyst,0.1695833333333333,1.0,1,1,1,Hypothesis Testing
IT21100378,Data Analyst,0.15125,1.0,1,1,1,Hypothesis Testing
IT21100734,Data Analyst,0.12375,1.0,1,1,1,Hypothesis Testing
IT21100987,Data Analyst,0.1054166666666666,1.0,1,1,1,Hypothesis Testing
IT21102387,Data Analyst,0.1695833333333333,1.0,1,1,1,Hypothesis Testing
IT21102839,Data Analyst,0.1833333333333333,1.0,1,1,1,Hypothesis Testing
IT21103859,Data Analyst,0.0916666666666666,1.0,1,1,1,Hypothesis Testing
IT21104486,Data Analyst,0.1054166666666666,1.0,1,1,1,Hypothesis Testing
IT21105765,Data Analyst,0.1054166666666666,1.0,1,1,1,Hypothesis Testing
IT21105800,Data Analyst,0.1054166666666666,1.0,1,1,1,Hypothesis Testing
IT21106675,Data Analyst,0.12375,1.0,1,1,1,Hypothesis Testing
IT21106687,Data Analyst,0.0916666666666666,1.0,1,1,1,Hypothesis Testing
IT21109759,Data Analyst,0.1054166666666666,1.0,1,1,1,Hypothesis Testing
IT21109792,Data Analyst,0.1695833333333333,1.0,1,1,1,Hypothesis Testing
IT21111574,Data Analyst,0.1833333333333333,1.0,1,1,1,Hypothesis Testing
IT21111807,Data Analyst,0.15125,1.0,1,1,1,Hypothesis Testing
IT21112122,Data Analyst,0.1054166666666666,1.0,1,1,1,Hypothesis Testing
IT21113202,Data Analyst,0.1375,1.0,1,1,1,Hypothesis Testing
IT21113715,Data Analyst,0.15125,1.0,1,1,1,Hypothesis Testing
IT21114879,Data Analyst,0.1054166666666666,1.0,1,1,1,Hypothesis Testing
IT21115406,Data Analyst,0.12375,1.0,1,1,1,Hypothesis Testing
IT21116743,Data Analyst,0.1833333333333333,1.0,1,1,1,Hypothesis Testing
IT21116992,Data Analyst,0.1375,1.0,1,1,1,Hypothesis Testing
IT21117281,Data Analyst,0.1054166666666666,1.0,1,1,1,Hypothesis Testing
IT21117831,Data Analyst,0.1833333333333333,1.0,1,1,1,Hypothesis Testing
IT21117923,Data Analyst,0.1833333333333333,1.0,1,1,1,Hypothesis Testing
IT21119691,Data Analyst,0.0916666666666666,1.0,1,1,1,Hypothesis Testing
IT21120216,Data Analyst,0.1833333333333333,1.0,1,1,1,Hypothesis Testing
IT21120393,Data Analyst,0.0916666666666666,1.0,1,1,1,Hypothesis Testing
IT21123533,Data Analyst,0.12375,1.0,1,1,1,Hypothesis Testing
IT21125242,Data Analyst,0.0916666666666666,1.0,1,1,1,Hypothesis Testing
IT21125272,Data Analyst,0.1375,1.0,1,1,1,Hypothesis Testing
IT21125342,Data Analyst,0.15125,1.0,1,1,1,Hypothesis Testing
IT21125639,Data Analyst,0.15125,1.0,1,1,1,Hypothesis Testing
IT21128727,Data Analyst,0.15125,1.0,1,1,1,Hypothesis Testing
IT21128966,Data Analyst,0.0916666666666666,1.0,1,1,1,Hypothesis Testing
IT21129378,Data Analyst,0.1833333333333333,1.0,1,1,1,Hypothesis Testing
IT21129684,Data Analyst,0.0916666666666666,1.0,1,1,1,Hypothesis Testing
IT21131073,Data Analyst,0.0916666666666666,1.0,1,1,1,Hypothesis Testing
IT21131114,Data Analyst,0.1375,1.0,1,1,1,Hypothesis Testing
IT21131716,Data Analyst,0.0916666666666666,1.0,1,1,1,Hypothesis Testing
IT21132026,Data Analyst,0.1375,1.0,1,1,1,Hypothesis Testing
IT21132484,Data Analyst,0.1375,1.0,1,1,1,Hypothesis Testing
IT21133301,Data Analyst,0.1833333333333333,1.0,1,1,1,Hypothesis Testing
IT21134482,Data Analyst,0.12375,1.0,1,1,1,Hypothesis Testing
IT21135573,Data Analyst,0.0916666666666666,1.0,1,1,1,Hypothesis Testing
IT21135938,Data Analyst,0.1695833333333333,1.0,1,1,1,Hypothesis Testing
IT21136587,Data Analyst,0.12375,1.0,1,1,1,Hypothesis Testing
IT21136600,Data Analyst,0.1054166666666666,1.0,1,1,1,Hypothesis Testing
IT21136836,Data Analyst,0.1833333333333333,1.0,1,1,1,Hypothesis Testing
IT21139327,Data Analyst,0.1054166666666666,1.0,1,1,1,Hypothesis Testing
IT21140856,Data Analyst,0.0916666666666666,1.0,1,1,1,Hypothesis Testing
IT21140949,Data Analyst,0.1054166666666666,1.0,1,1,1,Hypothesis Testing
IT21141509,Data Analyst,0.1375,1.0,1,1,1,Hypothesis Testing
IT21142258,Data Analyst,0.0916666666666666,1.0,1,1,1,Hypothesis Testing
IT21142589,Data Analyst,0.1833333333333333,1.0,1,1,1,Hypothesis Testing
IT21142857,Data Analyst,0.0916666666666666,1.0,1,1,1,Hypothesis Testing
IT21143110,Data Analyst,0.15125,1.0,1,1,1,Hypothesis Testing
IT21143365,Data Analyst,0.1833333333333333,1.0,1,1,1,Hypothesis Testing
IT21143639,Data Analyst,0.12375,1.0,1,1,1,Hypothesis Testing
IT21144872,Data Analyst,0.1833333333333333,1.0,1,1,1,Hypothesis Testing
IT21145818,Data Analyst,0.12375,1.0,1,1,1,Hypothesis Testing
IT21145926,Data Analyst,0.1375,1.0,1,1,1,Hypothesis Testing
IT21146798,Data Analyst,0.1054166666666666,1.0,1,1,1,Hypothesis Testing
IT21147040,Data Analyst,0.1054166666666666,1.0,1,1,1,Hypothesis Testing
IT21147870,Data Analyst,0.12375,1.0,1,1,1,Hypothesis Testing
IT21149680,Data Analyst,0.15125,1.0,1,1,1,Hypothesis Testing
IT21150455,Data Analyst,0.12375,1.0,1,1,1,Hypothesis Testing
IT21152200,Data Analyst,0.15125,1.0,1,1,1,Hypothesis Testing
IT21152838,Data Analyst,0.1054166666666666,1.0,1,1,1,Hypothesis Testing
IT21154267,Data Analyst,0.1833333333333333,1.0,1,1,1,Hypothesis Testing
IT21155058,Data Analyst,0.0916666666666666,1.0,1,1,1,Hypothesis Testing
IT21155149,Data Analyst,0.1833333333333333,1.0,1,1,1,Hypothesis Testing
IT21156616,Data Analyst,0.1695833333333333,1.0,1,1,1,Hypothesis Testing
IT21157718,Data Analyst,0.1054166666666666,1.0,1,1,1,Hypothesis Testing
IT21157755,Data Analyst,0.1054166666666666,1.0,1,1,1,Hypothesis Testing
IT21159501,Data Analyst,0.1375,1.0,1,1,1,Hypothesis Testing
IT21159600,Data Analyst,0.15125,1.0,1,1,1,Hypothesis Testing
IT21159652,Data Analyst,0.12375,1.0,1,1,1,Hypothesis Testing
IT21159764,Data Analyst,0.1695833333333333,1.0,1,1,1,Hypothesis Testing
IT21160572,Data Analyst,0.15125,1.0,1,1,1,Hypothesis Testing
IT21161162,Data Analyst,0.1695833333333333,1.0,1,1,1,Hypothesis Testing
IT21161717,Data Analyst,0.1833333333333333,1.0,1,1,1,Hypothesis Testing
IT21162073,Data Analyst,0.1375,1.0,1,1,1,Hypothesis Testing
IT21165170,Data Analyst,0.12375,1.0,1,1,1,Hypothesis Testing
IT21165683,Data Analyst,0.0916666666666666,1.0,1,1,1,Hypothesis Testing
IT21165795,Data Analyst,0.1833333333333333,1.0,1,1,1,Hypothesis Testing
IT21166376,Data Analyst,0.1375,1.0,1,1,1,Hypothesis Testing
IT21166514,Data Analyst,0.12375,1.0,1,1,1,Hypothesis Testing
IT21166636,Data Analyst,0.1833333333333333,1.0,1,1,1,Hypothesis Testing
IT21166942,Data Analyst,0.0916666666666666,1.0,1,1,1,Hypothesis Testing
IT21167342,Data Analyst,0.1695833333333333,1.0,1,1,1,Hypothesis Testing
IT21167490,Data Analyst,0.0916666666666666,1.0,1,1,1,Hypothesis Testing
IT21169116,Data Analyst,0.12375,1.0,1,1,1,Hypothesis Testing
IT21172211,Data Analyst,0.1695833333333333,1.0,1,1,1,Hypothesis Testing
IT21172774,Data Analyst,0.1833333333333333,1.0,1,1,1,Hypothesis Testing
IT21173209,Data Analyst,0.1695833333333333,1.0,1,1,1,Hypothesis Testing
IT21173714,Data Analyst,0.1375,1.0,1,1,1,Hypothesis Testing
IT21176127,Data Analyst,0.1054166666666666,1.0,1,1,1,Hypothesis Testing
IT21176613,Data Analyst,0.1833333333333333,1.0,1,1,1,Hypothesis Testing
IT21177033,Data Analyst,0.1054166666666666,1.0,1,1,1,Hypothesis Testing
IT21179526,Data Analyst,0.1054166666666666,1.0,1,1,1,Hypothesis Testing
IT21180267,Data Analyst,0.1375,1.0,1,1,1,Hypothesis Testing
IT21180534,Data Analyst,0.1695833333333333,1.0,1,1,1,Hypothesis Testing
IT21182326,Data Analyst,0.1695833333333333,1.0,1,1,1,Hypothesis Testing
IT21182692,Data Analyst,0.15125,1.0,1,1,1,Hypothesis Testing
IT21182943,Data Analyst,0.1054166666666666,1.0,1,1,1,Hypothesis Testing
IT21183599,Data Analyst,0.1695833333333333,1.0,1,1,1,Hypothesis Testing
IT21184000,Data Analyst,0.1054166666666666,1.0,1,1,1,Hypothesis Testing
IT21184108,Data Analyst,0.15125,1.0,1,1,1,Hypothesis Testing
IT21184161,Data Analyst,0.1054166666666666,1.0,1,1,1,Hypothesis Testing
IT21184486,Data Analyst,0.1375,1.0,1,1,1,Hypothesis Testing
IT21185938,Data Analyst,0.12375,1.0,1,1,1,Hypothesis Testing
IT21186058,Data Analyst,0.1695833333333333,1.0,1,1,1,Hypothesis Testing
IT21186668,Data Analyst,0.15125,1.0,1,1,1,Hypothesis Testing
IT21186768,Data Analyst,0.1833333333333333,1.0,1,1,1,Hypothesis Testing
IT21188158,Data Analyst,0.15125,1.0,1,1,1,Hypothesis Testing
IT21191519,Data Analyst,0.1695833333333333,1.0,1,1,1,Hypothesis Testing
IT21193064,Data Analyst,0.1695833333333333,1.0,1,1,1,Hypothesis Testing
IT21193758,Data Analyst,0.0916666666666666,1.0,1,1,1,Hypothesis Testing
IT21195587,Data Analyst,0.1054166666666666,1.0,1,1,1,Hypothesis Testing
IT21197751,Data Analyst,0.1375,1.0,1,1,1,Hypothesis Testing
IT21198009,Data Analyst,0.0916666666666666,1.0,1,1,1,Hypothesis Testing
IT21198096,Data Analyst,0.0916666666666666,1.0,1,1,1,Hypothesis Testing
IT21198243,Data Analyst,0.1375,1.0,1,1,1,Hypothesis Testing
IT21200653,Data Analyst,0.1695833333333333,1.0,1,1,1,Hypothesis Testing
IT21201174,Data Analyst,0.12375,1.0,1,1,1,Hypothesis Testing
IT21201723,Data Analyst,0.1375,1.0,1,1,1,Hypothesis Testing
IT21204234,Data Analyst,0.1375,1.0,1,1,1,Hypothesis Testing
IT21204672,Data Analyst,0.1375,1.0,1,1,1,Hypothesis Testing
IT21206407,Data Analyst,0.1054166666666666,1.0,1,1,1,Hypothesis Testing
IT21209156,Data Analyst,0.1054166666666666,1.0,1,1,1,Hypothesis Testing
IT21209779,Data Analyst,0.12375,1.0,1,1,1,Hypothesis Testing
IT21211120,Data Analyst,0.1054166666666666,1.0,1,1,1,Hypothesis Testing
IT21211411,Data Analyst,0.1695833333333333,1.0,1,1,1,Hypothesis Testing
IT21212435,Data Analyst,0.1054166666666666,1.0,1,1,1,Hypothesis Testing
IT21212511,Data Analyst,0.15125,1.0,1,1,1,Hypothesis Testing
IT21213681,Data Analyst,0.1695833333333333,1.0,1,1,1,Hypothesis Testing
IT21215014,Data Analyst,0.1695833333333333,1.0,1,1,1,Hypothesis Testing
IT21215161,Data Analyst,0.1833333333333333,1.0,1,1,1,Hypothesis Testing
IT21216708,Data Analyst,0.1375,1.0,1,1,1,Hypothesis Testing
IT21216888,Data Analyst,0.1054166666666666,1.0,1,1,1,Hypothesis Testing
IT21217072,Data Analyst,0.12375,1.0,1,1,1,Hypothesis Testing
IT21217996,Data Analyst,0.15125,1.0,1,1,1,Hypothesis Testing
IT21218396,Data Analyst,0.1054166666666666,1.0,1,1,1,Hypothesis Testing
IT21219446,Data Analyst,0.1054166666666666,1.0,1,1,1,Hypothesis Testing
IT21220822,Data Analyst,0.15125,1.0,1,1,1,Hypothesis Testing
IT21221107,Data Analyst,0.1833333333333333,1.0,1,1,1,Hypothesis Testing
IT21222027,Data Analyst,0.12375,1.0,1,1,1,Hypothesis Testing
IT21222102,Data Analyst,0.1375,1.0,1,1,1,Hypothesis Testing
IT21224206,Data Analyst,0.0916666666666666,1.0,1,1,1,Hypothesis Testing
IT21226795,Data Analyst,0.1695833333333333,1.0,1,1,1,Hypothesis Testing
IT21227024,Data Analyst,0.1695833333333333,1.0,1,1,1,Hypothesis Testing
IT21227300,Data Analyst,0.1054166666666666,1.0,1,1,1,Hypothesis Testing
IT21227851,Data Analyst,0.0916666666666666,1.0,1,1,1,Hypothesis Testing
IT21228733,Data Analyst,0.15125,1.0,1,1,1,Hypothesis Testing
IT21229942,Data Analyst,0.12375,1.0,1,1,1,Hypothesis Testing
IT21234535,Data Analyst,0.12375,1.0,1,1,1,Hypothesis Testing
IT21236177,Data Analyst,0.15125,1.0,1,1,1,Hypothesis Testing
IT21237330,Data Analyst,0.0916666666666666,1.0,1,1,1,Hypothesis Testing
IT21237796,Data Analyst,0.1375,1.0,1,1,1,Hypothesis Testing
IT21238641,Data Analyst,0.1695833333333333,1.0,1,1,1,Hypothesis Testing
IT21239173,Data Analyst,0.1695833333333333,1.0,1,1,1,Hypothesis Testing
IT21239795,Data Analyst,0.0916666666666666,1.0,1,1,1,Hypothesis Testing
IT21240480,Data Analyst,0.15125,1.0,1,1,1,Hypothesis Testing
IT21242306,Data Analyst,0.0916666666666666,1.0,1,1,1,Hypothesis Testing
IT21243847,Data Analyst,0.1833333333333333,1.0,1,1,1,Hypothesis Testing
IT21244991,Data Analyst,0.1375,1.0,1,1,1,Hypothesis Testing
IT21246146,Data Analyst,0.0916666666666666,1.0,1,1,1,Hypothesis Testing
IT21246396,Data Analyst,0.1375,1.0,1,1,1,Hypothesis Testing
IT21247023,Data Analyst,0.1054166666666666,1.0,1,1,1,Hypothesis Testing
IT21247391,Data Analyst,0.12375,1.0,1,1,1,Hypothesis Testing
IT21247982,Data Analyst,0.0916666666666666,1.0,1,1,1,Hypothesis Testing
IT21248710,Data Analyst,0.1695833333333333,1.0,1,1,1,Hypothesis Testing
IT21248985,Data Analyst,0.12375,1.0,1,1,1,Hypothesis Testing
IT21249702,Data Analyst,0.1833333333333333,1.0,1,1,1,Hypothesis Testing
IT21249982,Data Analyst,0.1695833333333333,1.0,1,1,1,Hypothesis Testing
IT21251355,Data Analyst,0.1695833333333333,1.0,1,1,1,Hypothesis Testing
IT21252098,Data Analyst,0.12375,1.0,1,1,1,Hypothesis Testing
IT21253495,Data Analyst,0.1695833333333333,1.0,1,1,1,Hypothesis Testing
IT21253628,Data Analyst,0.12375,1.0,1,1,1,Hypothesis Testing
IT21254301,Data Analyst,0.0916666666666666,1.0,1,1,1,Hypothesis Testing
IT21254473,Data Analyst,0.1695833333333333,1.0,1,1,1,Hypothesis Testing
IT21256153,Data Analyst,0.0916666666666666,1.0,1,1,1,Hypothesis Testing
IT21257108,Data Analyst,0.1375,1.0,1,1,1,Hypothesis Testing
IT21258466,Data Analyst,0.1375,1.0,1,1,1,Hypothesis Testing
IT21258835,Data Analyst,0.15125,1.0,1,1,1,Hypothesis Testing
IT21260513,Data Analyst,0.15125,1.0,1,1,1,Hypothesis Testing
IT21262399,Data Analyst,0.12375,1.0,1,1,1,Hypothesis Testing
IT21262659,Data Analyst,0.1375,1.0,1,1,1,Hypothesis Testing
IT21262730,Data Analyst,0.1375,1.0,1,1,1,Hypothesis Testing
IT21263116,Data Analyst,0.1833333333333333,1.0,1,1,1,Hypothesis Testing
IT21267797,Data Analyst,0.1054166666666666,1.0,1,1,1,Hypothesis Testing
IT21268607,Data Analyst,0.1054166666666666,1.0,1,1,1,Hypothesis Testing
IT21271148,Data Analyst,0.1054166666666666,1.0,1,1,1,Hypothesis Testing
IT21271710,Data Analyst,0.1833333333333333,1.0,1,1,1,Hypothesis Testing
IT21273198,Data Analyst,0.1054166666666666,1.0,1,1,1,Hypothesis Testing
IT21273214,Data Analyst,0.15125,1.0,1,1,1,Hypothesis Testing
IT21274057,Data Analyst,0.0916666666666666,1.0,1,1,1,Hypothesis Testing
IT21274313,Data Analyst,0.0916666666666666,1.0,1,1,1,Hypothesis Testing
IT21275321,Data Analyst,0.1375,1.0,1,1,1,Hypothesis Testing
IT21277378,Data Analyst,0.0916666666666666,1.0,1,1,1,Hypothesis Testing
IT21281805,Data Analyst,0.15125,1.0,1,1,1,Hypothesis Testing
IT21282519,Data Analyst,0.0916666666666666,1.0,1,1,1,Hypothesis Testing
IT21284502,Data Analyst,0.15125,1.0,1,1,1,Hypothesis Testing
IT21284702,Data Analyst,0.15125,1.0,1,1,1,Hypothesis Testing
IT21285799,Data Analyst,0.1833333333333333,1.0,1,1,1,Hypothesis Testing
IT21286420,Data Analyst,0.12375,1.0,1,1,1,Hypothesis Testing
IT21287319,Data Analyst,0.1375,1.0,1,1,1,Hypothesis Testing
IT21289795,Data Analyst,0.12375,1.0,1,1,1,Hypothesis Testing
IT21290109,Data Analyst,0.15125,1.0,1,1,1,Hypothesis Testing
IT21291184,Data Analyst,0.1375,1.0,1,1,1,Hypothesis Testing
IT21291202,Data Analyst,0.1695833333333333,1.0,1,1,1,Hypothesis Testing
IT21292587,Data Analyst,0.1695833333333333,1.0,1,1,1,Hypothesis Testing
IT21293546,Data Analyst,0.12375,1.0,1,1,1,Hypothesis Testing
IT21295371,Data Analyst,0.0916666666666666,1.0,1,1,1,Hypothesis Testing
IT21295515,Data Analyst,0.1695833333333333,1.0,1,1,1,Hypothesis Testing
IT21297829,Data Analyst,0.1695833333333333,1.0,1,1,1,Hypothesis Testing
IT21298281,Data Analyst,0.1375,1.0,1,1,1,Hypothesis Testing
IT21300590,Data Analyst,0.1833333333333333,1.0,1,1,1,Hypothesis Testing
IT21307927,Data Analyst,0.15125,1.0,1,1,1,Hypothesis Testing
IT21308610,Data Analyst,0.1375,1.0,1,1,1,Hypothesis Testing
IT21309656,Data Analyst,0.1375,1.0,1,1,1,Hypothesis Testing
IT21311432,Data Analyst,0.1695833333333333,1.0,1,1,1,Hypothesis Testing
IT21313410,Data Analyst,0.1375,1.0,1,1,1,Hypothesis Testing
IT21313710,Data Analyst,0.1833333333333333,1.0,1,1,1,Hypothesis Testing
IT21314274,Data Analyst,0.1833333333333333,1.0,1,1,1,Hypothesis Testing
IT21314295,Data Analyst,0.1833333333333333,1.0,1,1,1,Hypothesis Testing
IT21315598,Data Analyst,0.0916666666666666,1.0,1,1,1,Hypothesis Testing
IT21316125,Data Analyst,0.0916666666666666,1.0,1,1,1,Hypothesis Testing
IT21316956,Data Analyst,0.1695833333333333,1.0,1,1,1,Hypothesis Testing
IT21317293,Data Analyst,0.1695833333333333,1.0,1,1,1,Hypothesis Testing
IT21317311,Data Analyst,0.1375,1.0,1,1,1,Hypothesis Testing
IT21317977,Data Analyst,0.1054166666666666,1.0,1,1,1,Hypothesis Testing
IT21319622,Data Analyst,0.15125,1.0,1,1,1,Hypothesis Testing
IT21319628,Data Analyst,0.0916666666666666,1.0,1,1,1,Hypothesis Testing
IT21320182,Data Analyst,0.1695833333333333,1.0,1,1,1,Hypothesis Testing
IT21321548,Data Analyst,0.15125,1.0,1,1,1,Hypothesis Testing
IT21322046,Data Analyst,0.0916666666666666,1.0,1,1,1,Hypothesis Testing
IT21323526,Data Analyst,0.0916666666666666,1.0,1,1,1,Hypothesis Testing
IT21323837,Data Analyst,0.15125,1.0,1,1,1,Hypothesis Testing
IT21325280,Data Analyst,0.1833333333333333,1.0,1,1,1,Hypothesis Testing
IT21325538,Data Analyst,0.0916666666666666,1.0,1,1,1,Hypothesis Testing
IT21327169,Data Analyst,0.15125,1.0,1,1,1,Hypothesis Testing
IT21328116,Data Analyst,0.1695833333333333,1.0,1,1,1,Hypothesis Testing
IT21328956,Data Analyst,0.15125,1.0,1,1,1,Hypothesis Testing
IT21329172,Data Analyst,0.1375,1.0,1,1,1,Hypothesis Testing
IT21330086,Data Analyst,0.15125,1.0,1,1,1,Hypothesis Testing
IT21331616,Data Analyst,0.12375,1.0,1,1,1,Hypothesis Testing
IT21333622,Data Analyst,0.1695833333333333,1.0,1,1,1,Hypothesis Testing
IT21335485,Data Analyst,0.15125,1.0,1,1,1,Hypothesis Testing
IT21338296,Data Analyst,0.1375,1.0,1,1,1,Hypothesis Testing
IT21339074,Data Analyst,0.15125,1.0,1,1,1,Hypothesis Testing
IT21341567,Data Analyst,0.1054166666666666,1.0,1,1,1,Hypothesis Testing
IT21341875,Data Analyst,0.0916666666666666,1.0,1,1,1,Hypothesis Testing
IT21342845,Data Analyst,0.0916666666666666,1.0,1,1,1,Hypothesis Testing
IT21343331,Data Analyst,0.1833333333333333,1.0,1,1,1,Hypothesis Testing
IT21346108,Data Analyst,0.1695833333333333,1.0,1,1,1,Hypothesis Testing
IT21346626,Data Analyst,0.1833333333333333,1.0,1,1,1,Hypothesis Testing
IT21347594,Data Analyst,0.0916666666666666,1.0,1,1,1,Hypothesis Testing
IT21349313,Data Analyst,0.12375,1.0,1,1,1,Hypothesis Testing
IT21349872,Data Analyst,0.1054166666666666,1.0,1,1,1,Hypothesis Testing
IT21353605,Data Analyst,0.1375,1.0,1,1,1,Hypothesis Testing
IT21353663,Data Analyst,0.1054166666666666,1.0,1,1,1,Hypothesis Testing
IT21355081,Data Analyst,0.1054166666666666,1.0,1,1,1,Hypothesis Testing
IT21355979,Data Analyst,0.15125,1.0,1,1,1,Hypothesis Testing
IT21357363,Data Analyst,0.1833333333333333,1.0,1,1,1,Hypothesis Testing
IT21358348,Data Analyst,0.1695833333333333,1.0,1,1,1,Hypothesis Testing
IT21358956,Data Analyst,0.12375,1.0,1,1,1,Hypothesis Testing
IT21359167,Data Analyst,0.1695833333333333,1.0,1,1,1,Hypothesis Testing
IT21359562,Data Analyst,0.15125,1.0,1,1,1,Hypothesis Testing
IT21363238,Data Analyst,0.15125,1.0,1,1,1,Hypothesis Testing
IT21363404,Data Analyst,0.1054166666666666,1.0,1,1,1,Hypothesis Testing
IT21364287,Data Analyst,0.1054166666666666,1.0,1,1,1,Hypothesis Testing
IT21364454,Data Analyst,0.1695833333333333,1.0,1,1,1,Hypothesis Testing
IT21365507,Data Analyst,0.12375,1.0,1,1,1,Hypothesis Testing
IT21366063,Data Analyst,0.1375,1.0,1,1,1,Hypothesis Testing
IT21367834,Data Analyst,0.1054166666666666,1.0,1,1,1,Hypothesis Testing
IT21369638,Data Analyst,0.15125,1.0,1,1,1,Hypothesis Testing
IT21371276,Data Analyst,0.1833333333333333,1.0,1,1,1,Hypothesis Testing
IT21372315,Data Analyst,0.0916666666666666,1.0,1,1,1,Hypothesis Testing
IT21372625,Data Analyst,0.0916666666666666,1.0,1,1,1,Hypothesis Testing
IT21372758,Data Analyst,0.15125,1.0,1,1,1,Hypothesis Testing
IT21372987,Data Analyst,0.1695833333333333,1.0,1,1,1,Hypothesis Testing
IT21373836,Data Analyst,0.1695833333333333,1.0,1,1,1,Hypothesis Testing
IT21375177,Data Analyst,0.1695833333333333,1.0,1,1,1,Hypothesis Testing
IT21375827,Data Analyst,0.15125,1.0,1,1,1,Hypothesis Testing
IT21377092,Data Analyst,0.1695833333333333,1.0,1,1,1,Hypothesis Testing
IT21378552,Data Analyst,0.12375,1.0,1,1,1,Hypothesis Testing
IT21381070,Data Analyst,0.0916666666666666,1.0,1,1,1,Hypothesis Testing
IT21381478,Data Analyst,0.15125,1.0,1,1,1,Hypothesis Testing
IT21383806,Data Analyst,0.12375,1.0,1,1,1,Hypothesis Testing
IT21387496,Data Analyst,0.1054166666666666,1.0,1,1,1,Hypothesis Testing
IT21387926,Data Analyst,0.1054166666666666,1.0,1,1,1,Hypothesis Testing
IT21388054,Data Analyst,0.15125,1.0,1,1,1,Hypothesis Testing
IT21388174,Data Analyst,0.15125,1.0,1,1,1,Hypothesis Testing
IT21388319,Data Analyst,0.1833333333333333,1.0,1,1,1,Hypothesis Testing
IT21388729,Data Analyst,0.12375,1.0,1,1,1,Hypothesis Testing
IT21389561,Data Analyst,0.1054166666666666,1.0,1,1,1,Hypothesis Testing
IT21389737,Data Analyst,0.1695833333333333,1.0,1,1,1,Hypothesis Testing
IT21391804,Data Analyst,0.12375,1.0,1,1,1,Hypothesis Testing
IT21392950,Data Analyst,0.1695833333333333,1.0,1,1,1,Hypothesis Testing
IT21393197,Data Analyst,0.1054166666666666,1.0,1,1,1,Hypothesis Testing
IT21393746,Data Analyst,0.1833333333333333,1.0,1,1,1,Hypothesis Testing
IT21393984,Data Analyst,0.1695833333333333,1.0,1,1,1,Hypothesis Testing
IT21396804,Data Analyst,0.1375,1.0,1,1,1,Hypothesis Testing
IT21399750,Data Analyst,0.1833333333333333,1.0,1,1,1,Hypothesis Testing
IT21403020,Data Analyst,0.1054166666666666,1.0,1,1,1,Hypothesis Testing
IT21403210,Data Analyst,0.15125,1.0,1,1,1,Hypothesis Testing
IT21406474,Data Analyst,0.1375,1.0,1,1,1,Hypothesis Testing
IT21406634,Data Analyst,0.12375,1.0,1,1,1,Hypothesis Testing
IT21410784,Data Analyst,0.12375,1.0,1,1,1,Hypothesis Testing
IT21410870,Data Analyst,0.0916666666666666,1.0,1,1,1,Hypothesis Testing
IT21411642,Data Analyst,0.0916666666666666,1.0,1,1,1,Hypothesis Testing
IT21412328,Data Analyst,0.0916666666666666,1.0,1,1,1,Hypothesis Testing
IT21412451,Data Analyst,0.1054166666666666,1.0,1,1,1,Hypothesis Testing
IT21414281,Data Analyst,0.1695833333333333,1.0,1,1,1,Hypothesis Testing
IT21416218,Data Analyst,0.1833333333333333,1.0,1,1,1,Hypothesis Testing
IT21416739,Data Analyst,0.1833333333333333,1.0,1,1,1,Hypothesis Testing
IT21419097,Data Analyst,0.1695833333333333,1.0,1,1,1,Hypothesis Testing
IT21419752,Data Analyst,0.1695833333333333,1.0,1,1,1,Hypothesis Testing
IT21420181,Data Analyst,0.1833333333333333,1.0,1,1,1,Hypothesis Testing
IT21421618,Data Analyst,0.1054166666666666,1.0,1,1,1,Hypothesis Testing
IT21422224,Data Analyst,0.0916666666666666,1.0,1,1,1,Hypothesis Testing
IT21423272,Data Analyst,0.15125,1.0,1,1,1,Hypothesis Testing
IT21424480,Data Analyst,0.1833333333333333,1.0,1,1,1,Hypothesis Testing
IT21425238,Data Analyst,0.0916666666666666,1.0,1,1,1,Hypothesis Testing
IT21425306,Data Analyst,0.1054166666666666,1.0,1,1,1,Hypothesis Testing
IT21429423,Data Analyst,0.0916666666666666,1.0,1,1,1,Hypothesis Testing
IT21430190,Data Analyst,0.1833333333333333,1.0,1,1,1,Hypothesis Testing
IT21430488,Data Analyst,0.1833333333333333,1.0,1,1,1,Hypothesis Testing
IT21431196,Data Analyst,0.12375,1.0,1,1,1,Hypothesis Testing
IT21431332,Data Analyst,0.1054166666666666,1.0,1,1,1,Hypothesis Testing
IT21432720,Data Analyst,0.1695833333333333,1.0,1,1,1,Hypothesis Testing
IT21432741,Data Analyst,0.1833333333333333,1.0,1,1,1,Hypothesis Testing
IT21432904,Data Analyst,0.1695833333333333,1.0,1,1,1,Hypothesis Testing
IT21433029,Data Analyst,0.1375,1.0,1,1,1,Hypothesis Testing
IT21433068,Data Analyst,0.12375,1.0,1,1,1,Hypothesis Testing
IT21433200,Data Analyst,0.1375,1.0,1,1,1,Hypothesis Testing
IT21433528,Data Analyst,0.15125,1.0,1,1,1,Hypothesis Testing
IT21433548,Data Analyst,0.1375,1.0,1,1,1,Hypothesis Testing
IT21435861,Data Analyst,0.1054166666666666,1.0,1,1,1,Hypothesis Testing
IT21436492,Data Analyst,0.12375,1.0,1,1,1,Hypothesis Testing
IT21437101,Data Analyst,0.1054166666666666,1.0,1,1,1,Hypothesis Testing
IT21438361,Data Analyst,0.1833333333333333,1.0,1,1,1,Hypothesis Testing
IT21438799,Data Analyst,0.1695833333333333,1.0,1,1,1,Hypothesis Testing
IT21438893,Data Analyst,0.0916666666666666,1.0,1,1,1,Hypothesis Testing
IT21439547,Data Analyst,0.1695833333333333,1.0,1,1,1,Hypothesis Testing
IT21443126,Data Analyst,0.1833333333333333,1.0,1,1,1,Hypothesis Testing
IT21444543,Data Analyst,0.1375,1.0,1,1,1,Hypothesis Testing
IT21444706,Data Analyst,0.1833333333333333,1.0,1,1,1,Hypothesis Testing
IT21445061,Data Analyst,0.15125,1.0,1,1,1,Hypothesis Testing
IT21445270,Data Analyst,0.15125,1.0,1,1,1,Hypothesis Testing
IT21446094,Data Analyst,0.12375,1.0,1,1,1,Hypothesis Testing
IT21446314,Data Analyst,0.1375,1.0,1,1,1,Hypothesis Testing
IT21447929,Data Analyst,0.1833333333333333,1.0,1,1,1,Hypothesis Testing
IT21449443,Data Analyst,0.1375,1.0,1,1,1,Hypothesis Testing
IT21449684,Data Analyst,0.15125,1.0,1,1,1,Hypothesis Testing
IT21451499,Data Analyst,0.12375,1.0,1,1,1,Hypothesis Testing
IT21452159,Data Analyst,0.1695833333333333,1.0,1,1,1,Hypothesis Testing
IT21452403,Data Analyst,0.12375,1.0,1,1,1,Hypothesis Testing
IT21453591,Data Analyst,0.15125,1.0,1,1,1,Hypothesis Testing
IT21454436,Data Analyst,0.12375,1.0,1,1,1,Hypothesis Testing
IT21457004,Data Analyst,0.1833333333333333,1.0,1,1,1,Hypothesis Testing
IT21457968,Data Analyst,0.1375,1.0,1,1,1,Hypothesis Testing
IT21458785,Data Analyst,0.15125,1.0,1,1,1,Hypothesis Testing
IT21461178,Data Analyst,0.1054166666666666,1.0,1,1,1,Hypothesis Testing
IT21463009,Data Analyst,0.0916666666666666,1.0,1,1,1,Hypothesis Testing
IT21463286,Data Analyst,0.1375,1.0,1,1,1,Hypothesis Testing
IT21464530,Data Analyst,0.1375,1.0,1,1,1,Hypothesis Testing
IT21464681,Data Analyst,0.0916666666666666,1.0,1,1,1,Hypothesis Testing
IT21464789,Data Analyst,0.1054166666666666,1.0,1,1,1,Hypothesis Testing
IT21465218,Data Analyst,0.1054166666666666,1.0,1,1,1,Hypothesis Testing
IT21465348,Data Analyst,0.12375,1.0,1,1,1,Hypothesis Testing
IT21466795,Data Analyst,0.1054166666666666,1.0,1,1,1,Hypothesis Testing
IT21467007,Data Analyst,0.12375,1.0,1,1,1,Hypothesis Testing
IT21468384,Data Analyst,0.1054166666666666,1.0,1,1,1,Hypothesis Testing
IT21471628,Data Analyst,0.1054166666666666,1.0,1,1,1,Hypothesis Testing
IT21471843,Data Analyst,0.1833333333333333,1.0,1,1,1,Hypothesis Testing
IT21471932,Data Analyst,0.15125,1.0,1,1,1,Hypothesis Testing
IT21472854,Data Analyst,0.12375,1.0,1,1,1,Hypothesis Testing
IT21473214,Data Analyst,0.1054166666666666,1.0,1,1,1,Hypothesis Testing
IT21474360,Data Analyst,0.12375,1.0,1,1,1,Hypothesis Testing
IT21475295,Data Analyst,0.0916666666666666,1.0,1,1,1,Hypothesis Testing
IT21477211,Data Analyst,0.1375,1.0,1,1,1,Hypothesis Testing
IT21477607,Data Analyst,0.1375,1.0,1,1,1,Hypothesis Testing
IT21478797,Data Analyst,0.15125,1.0,1,1,1,Hypothesis Testing
IT21479214,Data Analyst,0.15125,1.0,1,1,1,Hypothesis Testing
IT21480960,Data Analyst,0.1833333333333333,1.0,1,1,1,Hypothesis Testing
IT21481761,Data Analyst,0.12375,1.0,1,1,1,Hypothesis Testing
IT21483984,Data Analyst,0.15125,1.0,1,1,1,Hypothesis Testing
IT21486313,Data Analyst,0.1695833333333333,1.0,1,1,1,Hypothesis Testing
IT21486646,Data Analyst,0.1375,1.0,1,1,1,Hypothesis Testing
IT21486687,Data Analyst,0.15125,1.0,1,1,1,Hypothesis Testing
IT21486732,Data Analyst,0.1054166666666666,1.0,1,1,1,Hypothesis Testing
IT21491319,Data Analyst,0.1375,1.0,1,1,1,Hypothesis Testing
IT21493168,Data Analyst,0.0916666666666666,1.0,1,1,1,Hypothesis Testing
IT21493466,Data Analyst,0.12375,1.0,1,1,1,Hypothesis Testing
IT21493755,Data Analyst,0.1695833333333333,1.0,1,1,1,Hypothesis Testing
IT21494273,Data Analyst,0.0916666666666666,1.0,1,1,1,Hypothesis Testing
IT21495531,Data Analyst,0.1695833333333333,1.0,1,1,1,Hypothesis Testing
IT21495799,Data Analyst,0.0916666666666666,1.0,1,1,1,Hypothesis Testing
IT21495843,Data Analyst,0.0916666666666666,1.0,1,1,1,Hypothesis Testing
IT21496714,Data Analyst,0.12375,1.0,1,1,1,Hypothesis Testing
IT21498263,Data Analyst,0.1054166666666666,1.0,1,1,1,Hypothesis Testing
IT21498495,Data Analyst,0.1375,1.0,1,1,1,Hypothesis Testing
IT21499338,Data Analyst,0.12375,1.0,1,1,1,Hypothesis Testing
IT21499351,Data Analyst,0.1695833333333333,1.0,1,1,1,Hypothesis Testing
IT21499438,Data Analyst,0.1054166666666666,1.0,1,1,1,Hypothesis Testing
IT21500097,Data Analyst,0.12375,1.0,1,1,1,Hypothesis Testing
IT21503129,Data Analyst,0.1695833333333333,1.0,1,1,1,Hypothesis Testing
IT21503777,Data Analyst,0.15125,1.0,1,1,1,Hypothesis Testing
IT21505535,Data Analyst,0.1375,1.0,1,1,1,Hypothesis Testing
IT21506332,Data Analyst,0.1054166666666666,1.0,1,1,1,Hypothesis Testing
IT21509021,Data Analyst,0.12375,1.0,1,1,1,Hypothesis Testing
IT21509775,Data Analyst,0.1054166666666666,1.0,1,1,1,Hypothesis Testing
IT21510041,Data Analyst,0.1833333333333333,1.0,1,1,1,Hypothesis Testing
IT21511163,Data Analyst,0.15125,1.0,1,1,1,Hypothesis Testing
IT21512279,Data Analyst,0.0916666666666666,1.0,1,1,1,Hypothesis Testing
IT21514173,Data Analyst,0.1054166666666666,1.0,1,1,1,Hypothesis Testing
IT21514407,Data Analyst,0.0916666666666666,1.0,1,1,1,Hypothesis Testing
IT21514757,Data Analyst,0.15125,1.0,1,1,1,Hypothesis Testing
IT21515644,Data Analyst,0.1054166666666666,1.0,1,1,1,Hypothesis Testing
IT21516320,Data Analyst,0.0916666666666666,1.0,1,1,1,Hypothesis Testing
IT21517689,Data Analyst,0.15125,1.0,1,1,1,Hypothesis Testing
IT21519361,Data Analyst,0.12375,1.0,1,1,1,Hypothesis Testing
IT21519394,Data Analyst,0.0916666666666666,1.0,1,1,1,Hypothesis Testing
IT21521705,Data Analyst,0.0916666666666666,1.0,1,1,1,Hypothesis Testing
IT21522182,Data Analyst,0.1833333333333333,1.0,1,1,1,Hypothesis Testing
IT21523747,Data Analyst,0.1695833333333333,1.0,1,1,1,Hypothesis Testing
IT21523940,Data Analyst,0.12375,1.0,1,1,1,Hypothesis Testing
IT21525324,Data Analyst,0.1833333333333333,1.0,1,1,1,Hypothesis Testing
IT21525786,Data Analyst,0.1833333333333333,1.0,1,1,1,Hypothesis Testing
IT21526690,Data Analyst,0.15125,1.0,1,1,1,Hypothesis Testing
IT21526882,Data Analyst,0.15125,1.0,1,1,1,Hypothesis Testing
IT21526916,Data Analyst,0.1833333333333333,1.0,1,1,1,Hypothesis Testing
IT21528440,Data Analyst,0.1054166666666666,1.0,1,1,1,Hypothesis Testing
IT21533011,Data Analyst,0.0916666666666666,1.0,1,1,1,Hypothesis Testing
IT21533738,Data Analyst,0.0916666666666666,1.0,1,1,1,Hypothesis Testing
IT21534379,Data Analyst,0.1695833333333333,1.0,1,1,1,Hypothesis Testing
IT21534686,Data Analyst,0.1054166666666666,1.0,1,1,1,Hypothesis Testing
IT21536522,Data Analyst,0.12375,1.0,1,1,1,Hypothesis Testing
IT21538821,Data Analyst,0.1375,1.0,1,1,1,Hypothesis Testing
IT21540887,Data Analyst,0.1375,1.0,1,1,1,Hypothesis Testing
IT21540945,Data Analyst,0.12375,1.0,1,1,1,Hypothesis Testing
IT21542363,Data Analyst,0.12375,1.0,1,1,1,Hypothesis Testing
IT21542606,Data Analyst,0.1833333333333333,1.0,1,1,1,Hypothesis Testing
IT21542721,Data Analyst,0.1833333333333333,1.0,1,1,1,Hypothesis Testing
IT21542811,Data Analyst,0.0916666666666666,1.0,1,1,1,Hypothesis Testing
IT21543020,Data Analyst,0.1695833333333333,1.0,1,1,1,Hypothesis Testing
IT21543026,Data Analyst,0.12375,1.0,1,1,1,Hypothesis Testing
IT21543242,Data Analyst,0.15125,1.0,1,1,1,Hypothesis Testing
IT21543478,Data Analyst,0.1833333333333333,1.0,1,1,1,Hypothesis Testing
IT21543737,Data Analyst,0.15125,1.0,1,1,1,Hypothesis Testing
IT21544726,Data Analyst,0.12375,1.0,1,1,1,Hypothesis Testing
IT21544986,Data Analyst,0.1833333333333333,1.0,1,1,1,Hypothesis Testing
IT21547889,Data Analyst,0.15125,1.0,1,1,1,Hypothesis Testing
IT21549789,Data Analyst,0.15125,1.0,1,1,1,Hypothesis Testing
IT21551711,Data Analyst,0.12375,1.0,1,1,1,Hypothesis Testing
IT21551823,Data Analyst,0.15125,1.0,1,1,1,Hypothesis Testing
IT21553088,Data Analyst,0.1833333333333333,1.0,1,1,1,Hypothesis Testing
IT21553207,Data Analyst,0.1375,1.0,1,1,1,Hypothesis Testing
IT21553748,Data Analyst,0.1695833333333333,1.0,1,1,1,Hypothesis Testing
IT21557754,Data Analyst,0.1054166666666666,1.0,1,1,1,Hypothesis Testing
IT21559927,Data Analyst,0.1695833333333333,1.0,1,1,1,Hypothesis Testing
IT21560381,Data Analyst,0.1695833333333333,1.0,1,1,1,Hypothesis Testing
IT21560499,Data Analyst,0.1695833333333333,1.0,1,1,1,Hypothesis Testing
IT21561072,Data Analyst,0.15125,1.0,1,1,1,Hypothesis Testing
IT21562540,Data Analyst,0.1054166666666666,1.0,1,1,1,Hypothesis Testing
IT21563092,Data Analyst,0.1695833333333333,1.0,1,1,1,Hypothesis Testing
IT21563287,Data Analyst,0.1695833333333333,1.0,1,1,1,Hypothesis Testing
IT21567316,Data Analyst,0.1695833333333333,1.0,1,1,1,Hypothesis Testing
IT21567983,Data Analyst,0.1833333333333333,1.0,1,1,1,Hypothesis Testing
IT21568009,Data Analyst,0.12375,1.0,1,1,1,Hypothesis Testing
IT21568509,Data Analyst,0.1054166666666666,1.0,1,1,1,Hypothesis Testing
IT21569273,Data Analyst,0.1375,1.0,1,1,1,Hypothesis Testing
IT21569321,Data Analyst,0.1695833333333333,1.0,1,1,1,Hypothesis Testing
IT21570527,Data Analyst,0.1833333333333333,1.0,1,1,1,Hypothesis Testing
IT21571342,Data Analyst,0.1054166666666666,1.0,1,1,1,Hypothesis Testing
IT21573064,Data Analyst,0.15125,1.0,1,1,1,Hypothesis Testing
IT21573081,Data Analyst,0.0916666666666666,1.0,1,1,1,Hypothesis Testing
IT21574714,Data Analyst,0.15125,1.0,1,1,1,Hypothesis Testing
IT21578419,Data Analyst,0.1833333333333333,1.0,1,1,1,Hypothesis Testing
IT21578847,Data Analyst,0.12375,1.0,1,1,1,Hypothesis Testing
IT21580580,Data Analyst,0.12375,1.0,1,1,1,Hypothesis Testing
IT21582266,Data Analyst,0.15125,1.0,1,1,1,Hypothesis Testing
IT21584161,Data Analyst,0.1833333333333333,1.0,1,1,1,Hypothesis Testing
IT21584941,Data Analyst,0.1054166666666666,1.0,1,1,1,Hypothesis Testing
IT21585044,Data Analyst,0.12375,1.0,1,1,1,Hypothesis Testing
IT21585819,Data Analyst,0.1695833333333333,1.0,1,1,1,Hypothesis Testing
IT21585828,Data Analyst,0.15125,1.0,1,1,1,Hypothesis Testing
IT21587745,Data Analyst,0.1833333333333333,1.0,1,1,1,Hypothesis Testing
IT21588790,Data Analyst,0.1833333333333333,1.0,1,1,1,Hypothesis Testing
IT21589218,Data Analyst,0.0916666666666666,1.0,1,1,1,Hypothesis Testing
IT21589248,Data Analyst,0.1695833333333333,1.0,1,1,1,Hypothesis Testing
IT21590678,Data Analyst,0.12375,1.0,1,1,1,Hypothesis Testing
IT21593743,Data Analyst,0.1695833333333333,1.0,1,1,1,Hypothesis Testing
IT21595628,Data Analyst,0.15125,1.0,1,1,1,Hypothesis Testing
IT21597676,Data Analyst,0.15125,1.0,1,1,1,Hypothesis Testing
IT21598210,Data Analyst,0.1695833333333333,1.0,1,1,1,Hypothesis Testing
IT21598319,Data Analyst,0.1695833333333333,1.0,1,1,1,Hypothesis Testing
IT21599580,Data Analyst,0.1695833333333333,1.0,1,1,1,Hypothesis Testing
IT21599610,Data Analyst,0.1054166666666666,1.0,1,1,1,Hypothesis Testing
IT21603603,Data Analyst,0.1695833333333333,1.0,1,1,1,Hypothesis Testing
IT21605631,Data Analyst,0.0916666666666666,1.0,1,1,1,Hypothesis Testing
IT21606900,Data Analyst,0.0916666666666666,1.0,1,1,1,Hypothesis Testing
IT21607919,Data Analyst,0.0916666666666666,1.0,1,1,1,Hypothesis Testing
IT21609486,Data Analyst,0.1375,1.0,1,1,1,Hypothesis Testing
IT21609651,Data Analyst,0.1375,1.0,1,1,1,Hypothesis Testing
IT21609793,Data Analyst,0.1054166666666666,1.0,1,1,1,Hypothesis Testing
IT21610479,Data Analyst,0.1833333333333333,1.0,1,1,1,Hypothesis Testing
IT21611084,Data Analyst,0.1695833333333333,1.0,1,1,1,Hypothesis Testing
IT21611921,Data Analyst,0.1833333333333333,1.0,1,1,1,Hypothesis Testing
IT21612703,Data Analyst,0.12375,1.0,1,1,1,Hypothesis Testing
IT21614248,Data Analyst,0.15125,1.0,1,1,1,Hypothesis Testing
IT21616037,Data Analyst,0.0916666666666666,1.0,1,1,1,Hypothesis Testing
IT21616176,Data Analyst,0.1375,1.0,1,1,1,Hypothesis Testing
IT21616954,Data Analyst,0.15125,1.0,1,1,1,Hypothesis Testing
IT21617856,Data Analyst,0.1695833333333333,1.0,1,1,1,Hypothesis Testing
IT21618579,Data Analyst,0.1375,1.0,1,1,1,Hypothesis Testing
IT21618612,Data Analyst,0.1695833333333333,1.0,1,1,1,Hypothesis Testing
IT21619306,Data Analyst,0.1695833333333333,1.0,1,1,1,Hypothesis Testing
IT21620487,Data Analyst,0.1375,1.0,1,1,1,Hypothesis Testing
IT21620964,Data Analyst,0.1054166666666666,1.0,1,1,1,Hypothesis Testing
IT21621334,Data Analyst,0.15125,1.0,1,1,1,Hypothesis Testing
IT21623529,Data Analyst,0.0916666666666666,1.0,1,1,1,Hypothesis Testing
IT21626640,Data Analyst,0.1375,1.0,1,1,1,Hypothesis Testing
IT21627433,Data Analyst,0.1833333333333333,1.0,1,1,1,Hypothesis Testing
IT21628819,Data Analyst,0.15125,1.0,1,1,1,Hypothesis Testing
IT21629652,Data Analyst,0.1054166666666666,1.0,1,1,1,Hypothesis Testing
IT21630000,Data Analyst,0.15125,1.0,1,1,1,Hypothesis Testing
IT21630339,Data Analyst,0.1695833333333333,1.0,1,1,1,Hypothesis Testing
IT21631506,Data Analyst,0.0916666666666666,1.0,1,1,1,Hypothesis Testing
IT21632174,Data Analyst,0.12375,1.0,1,1,1,Hypothesis Testing
IT21632644,Data Analyst,0.15125,1.0,1,1,1,Hypothesis Testing
IT21633163,Data Analyst,0.1695833333333333,1.0,1,1,1,Hypothesis Testing
IT21633770,Data Analyst,0.12375,1.0,1,1,1,Hypothesis Testing
IT21634150,Data Analyst,0.1833333333333333,1.0,1,1,1,Hypothesis Testing
IT21636040,Data Analyst,0.1054166666666666,1.0,1,1,1,Hypothesis Testing
IT21636377,Data Analyst,0.12375,1.0,1,1,1,Hypothesis Testing
IT21637852,Data Analyst,0.15125,1.0,1,1,1,Hypothesis Testing
IT21638037,Data Analyst,0.1054166666666666,1.0,1,1,1,Hypothesis Testing
IT21638907,Data Analyst,0.1695833333333333,1.0,1,1,1,Hypothesis Testing
IT21641510,Data Analyst,0.1054166666666666,1.0,1,1,1,Hypothesis Testing
IT21642361,Data Analyst,0.15125,1.0,1,1,1,Hypothesis Testing
IT21643925,Data Analyst,0.12375,1.0,1,1,1,Hypothesis Testing
IT21643951,Data Analyst,0.1375,1.0,1,1,1,Hypothesis Testing
IT21646340,Data Analyst,0.1375,1.0,1,1,1,Hypothesis Testing
IT21646496,Data Analyst,0.1833333333333333,1.0,1,1,1,Hypothesis Testing
IT21647454,Data Analyst,0.1833333333333333,1.0,1,1,1,Hypothesis Testing
IT21647490,Data Analyst,0.12375,1.0,1,1,1,Hypothesis Testing
IT21647610,Data Analyst,0.1375,1.0,1,1,1,Hypothesis Testing
IT21648557,Data Analyst,0.1054166666666666,1.0,1,1,1,Hypothesis Testing
IT21651343,Data Analyst,0.1695833333333333,1.0,1,1,1,Hypothesis Testing
IT21651621,Data Analyst,0.15125,1.0,1,1,1,Hypothesis Testing
IT21651628,Data Analyst,0.1833333333333333,1.0,1,1,1,Hypothesis Testing
IT21652140,Data Analyst,0.12375,1.0,1,1,1,Hypothesis Testing
IT21652486,Data Analyst,0.12375,1.0,1,1,1,Hypothesis Testing
IT21652494,Data Analyst,0.1375,1.0,1,1,1,Hypothesis Testing
IT21655397,Data Analyst,0.0916666666666666,1.0,1,1,1,Hypothesis Testing
IT21655666,Data Analyst,0.1833333333333333,1.0,1,1,1,Hypothesis Testing
IT21656998,Data Analyst,0.15125,1.0,1,1,1,Hypothesis Testing
IT21657402,Data Analyst,0.1054166666666666,1.0,1,1,1,Hypothesis Testing
IT21657440,Data Analyst,0.12375,1.0,1,1,1,Hypothesis Testing
IT21658053,Data Analyst,0.12375,1.0,1,1,1,Hypothesis Testing
IT21658335,Data Analyst,0.1695833333333333,1.0,1,1,1,Hypothesis Testing
IT21658386,Data Analyst,0.1375,1.0,1,1,1,Hypothesis Testing
IT21658898,Data Analyst,0.12375,1.0,1,1,1,Hypothesis Testing
IT21660374,Data Analyst,0.12375,1.0,1,1,1,Hypothesis Testing
IT21660946,Data Analyst,0.0916666666666666,1.0,1,1,1,Hypothesis Testing
IT21661208,Data Analyst,0.0916666666666666,1.0,1,1,1,Hypothesis Testing
IT21661300,Data Analyst,0.1375,1.0,1,1,1,Hypothesis Testing
IT21662289,Data Analyst,0.1833333333333333,1.0,1,1,1,Hypothesis Testing
IT21663291,Data Analyst,0.1375,1.0,1,1,1,Hypothesis Testing
IT21664019,Data Analyst,0.15125,1.0,1,1,1,Hypothesis Testing
IT21671169,Data Analyst,0.1375,1.0,1,1,1,Hypothesis Testing
IT21673498,Data Analyst,0.1833333333333333,1.0,1,1,1,Hypothesis Testing
IT21673544,Data Analyst,0.1375,1.0,1,1,1,Hypothesis Testing
IT21673894,Data Analyst,0.0916666666666666,1.0,1,1,1,Hypothesis Testing
IT21674227,Data Analyst,0.1054166666666666,1.0,1,1,1,Hypothesis Testing
IT21675050,Data Analyst,0.12375,1.0,1,1,1,Hypothesis Testing
IT21675529,Data Analyst,0.0916666666666666,1.0,1,1,1,Hypothesis Testing
IT21675697,Data Analyst,0.12375,1.0,1,1,1,Hypothesis Testing
IT21676404,Data Analyst,0.1695833333333333,1.0,1,1,1,Hypothesis Testing
IT21676973,Data Analyst,0.12375,1.0,1,1,1,Hypothesis Testing
IT21677206,Data Analyst,0.15125,1.0,1,1,1,Hypothesis Testing
IT21677359,Data Analyst,0.1054166666666666,1.0,1,1,1,Hypothesis Testing
IT21677443,Data Analyst,0.1695833333333333,1.0,1,1,1,Hypothesis Testing
IT21681962,Data Analyst,0.1375,1.0,1,1,1,Hypothesis Testing
IT21682762,Data Analyst,0.1375,1.0,1,1,1,Hypothesis Testing
IT21683572,Data Analyst,0.15125,1.0,1,1,1,Hypothesis Testing
IT21684536,Data Analyst,0.1375,1.0,1,1,1,Hypothesis Testing
IT21685507,Data Analyst,0.15125,1.0,1,1,1,Hypothesis Testing
IT21686650,Data Analyst,0.1833333333333333,1.0,1,1,1,Hypothesis Testing
IT21689625,Data Analyst,0.1833333333333333,1.0,1,1,1,Hypothesis Testing
IT21693679,Data Analyst,0.1695833333333333,1.0,1,1,1,Hypothesis Testing
IT21694545,Data Analyst,0.1833333333333333,1.0,1,1,1,Hypothesis Testing
IT21695280,Data Analyst,0.1833333333333333,1.0,1,1,1,Hypothesis Testing
IT21695400,Data Analyst,0.12375,1.0,1,1,1,Hypothesis Testing
IT21695671,Data Analyst,0.1833333333333333,1.0,1,1,1,Hypothesis Testing
IT21696072,Data Analyst,0.1695833333333333,1.0,1,1,1,Hypothesis Testing
IT21697320,Data Analyst,0.1054166666666666,1.0,1,1,1,Hypothesis Testing
IT21697388,Data Analyst,0.1375,1.0,1,1,1,Hypothesis Testing
IT21699308,Data Analyst,0.1695833333333333,1.0,1,1,1,Hypothesis Testing
IT21699337,Data Analyst,0.1375,1.0,1,1,1,Hypothesis Testing
IT21699902,Data Analyst,0.1054166666666666,1.0,1,1,1,Hypothesis Testing
IT21700038,Data Analyst,0.1375,1.0,1,1,1,Hypothesis Testing
IT21700952,Data Analyst,0.15125,1.0,1,1,1,Hypothesis Testing
IT21700995,Data Analyst,0.1054166666666666,1.0,1,1,1,Hypothesis Testing
IT21702161,Data Analyst,0.0916666666666666,1.0,1,1,1,Hypothesis Testing
IT21702627,Data Analyst,0.1695833333333333,1.0,1,1,1,Hypothesis Testing
IT21703107,Data Analyst,0.1695833333333333,1.0,1,1,1,Hypothesis Testing
IT21703146,Data Analyst,0.1375,1.0,1,1,1,Hypothesis Testing
IT21706909,Data Analyst,0.1375,1.0,1,1,1,Hypothesis Testing
IT21707103,Data Analyst,0.1833333333333333,1.0,1,1,1,Hypothesis Testing
IT21707502,Data Analyst,0.1833333333333333,1.0,1,1,1,Hypothesis Testing
IT21708086,Data Analyst,0.0916666666666666,1.0,1,1,1,Hypothesis Testing
IT21708165,Data Analyst,0.1833333333333333,1.0,1,1,1,Hypothesis Testing
IT21709618,Data Analyst,0.15125,1.0,1,1,1,Hypothesis Testing
IT21712274,Data Analyst,0.1695833333333333,1.0,1,1,1,Hypothesis Testing
IT21713082,Data Analyst,0.15125,1.0,1,1,1,Hypothesis Testing
IT21714547,Data Analyst,0.1695833333333333,1.0,1,1,1,Hypothesis Testing
IT21714849,Data Analyst,0.1833333333333333,1.0,1,1,1,Hypothesis Testing
IT21716339,Data Analyst,0.1695833333333333,1.0,1,1,1,Hypothesis Testing
IT21717440,Data Analyst,0.1695833333333333,1.0,1,1,1,Hypothesis Testing
IT21717786,Data Analyst,0.1375,1.0,1,1,1,Hypothesis Testing
IT21719016,Data Analyst,0.1375,1.0,1,1,1,Hypothesis Testing
IT21719209,Data Analyst,0.0916666666666666,1.0,1,1,1,Hypothesis Testing
IT21720029,Data Analyst,0.0916666666666666,1.0,1,1,1,Hypothesis Testing
IT21720222,Data Analyst,0.1375,1.0,1,1,1,Hypothesis Testing
IT21721663,Data Analyst,0.0916666666666666,1.0,1,1,1,Hypothesis Testing
IT21722778,Data Analyst,0.12375,1.0,1,1,1,Hypothesis Testing
IT21722890,Data Analyst,0.1695833333333333,1.0,1,1,1,Hypothesis Testing
IT21723673,Data Analyst,0.1695833333333333,1.0,1,1,1,Hypothesis Testing
IT21724526,Data Analyst,0.1833333333333333,1.0,1,1,1,Hypothesis Testing
IT21724988,Data Analyst,0.12375,1.0,1,1,1,Hypothesis Testing
IT21725648,Data Analyst,0.1054166666666666,1.0,1,1,1,Hypothesis Testing
IT21725659,Data Analyst,0.1375,1.0,1,1,1,Hypothesis Testing
IT21726693,Data Analyst,0.1833333333333333,1.0,1,1,1,Hypothesis Testing
IT21726714,Data Analyst,0.15125,1.0,1,1,1,Hypothesis Testing
IT21726988,Data Analyst,0.1833333333333333,1.0,1,1,1,Hypothesis Testing
IT21728439,Data Analyst,0.15125,1.0,1,1,1,Hypothesis Testing
IT21728546,Data Analyst,0.0916666666666666,1.0,1,1,1,Hypothesis Testing
IT21729093,Data Analyst,0.12375,1.0,1,1,1,Hypothesis Testing
IT21731817,Data Analyst,0.15125,1.0,1,1,1,Hypothesis Testing
IT21731973,Data Analyst,0.1375,1.0,1,1,1,Hypothesis Testing
IT21732354,Data Analyst,0.12375,1.0,1,1,1,Hypothesis Testing
IT21733004,Data Analyst,0.1054166666666666,1.0,1,1,1,Hypothesis Testing
IT21733027,Data Analyst,0.1054166666666666,1.0,1,1,1,Hypothesis Testing
IT21733144,Data Analyst,0.1054166666666666,1.0,1,1,1,Hypothesis Testing
IT21735298,Data Analyst,0.12375,1.0,1,1,1,Hypothesis Testing
IT21735748,Data Analyst,0.1375,1.0,1,1,1,Hypothesis Testing
IT21735936,Data Analyst,0.1054166666666666,1.0,1,1,1,Hypothesis Testing
IT21738205,Data Analyst,0.15125,1.0,1,1,1,Hypothesis Testing
IT21738464,Data Analyst,0.1054166666666666,1.0,1,1,1,Hypothesis Testing
IT21738923,Data Analyst,0.0916666666666666,1.0,1,1,1,Hypothesis Testing
IT21739002,Data Analyst,0.12375,1.0,1,1,1,Hypothesis Testing
IT21739847,Data Analyst,0.1375,1.0,1,1,1,Hypothesis Testing
IT21740041,Data Analyst,0.0916666666666666,1.0,1,1,1,Hypothesis Testing
IT21745925,Data Analyst,0.0916666666666666,1.0,1,1,1,Hypothesis Testing
IT21745976,Data Analyst,0.1375,1.0,1,1,1,Hypothesis Testing
IT21746116,Data Analyst,0.12375,1.0,1,1,1,Hypothesis Testing
IT21746351,Data Analyst,0.15125,1.0,1,1,1,Hypothesis Testing
IT21747126,Data Analyst,0.12375,1.0,1,1,1,Hypothesis Testing
IT21748107,Data Analyst,0.15125,1.0,1,1,1,Hypothesis Testing
IT21751641,Data Analyst,0.1833333333333333,1.0,1,1,1,Hypothesis Testing
IT21753153,Data Analyst,0.1375,1.0,1,1,1,Hypothesis Testing
IT21754202,Data Analyst,0.1695833333333333,1.0,1,1,1,Hypothesis Testing
IT21755640,Data Analyst,0.1375,1.0,1,1,1,Hypothesis Testing
IT21756283,Data Analyst,0.12375,1.0,1,1,1,Hypothesis Testing
IT21756603,Data Analyst,0.1054166666666666,1.0,1,1,1,Hypothesis Testing
IT21758145,Data Analyst,0.1375,1.0,1,1,1,Hypothesis Testing
IT21758594,Data Analyst,0.12375,1.0,1,1,1,Hypothesis Testing
IT21759200,Data Analyst,0.1833333333333333,1.0,1,1,1,Hypothesis Testing
IT21761214,Data Analyst,0.15125,1.0,1,1,1,Hypothesis Testing
IT21761772,Data Analyst,0.0916666666666666,1.0,1,1,1,Hypothesis Testing
IT21762942,Data Analyst,0.0916666666666666,1.0,1,1,1,Hypothesis Testing
IT21763546,Data Analyst,0.1695833333333333,1.0,1,1,1,Hypothesis Testing
IT21763993,Data Analyst,0.15125,1.0,1,1,1,Hypothesis Testing
IT21767610,Data Analyst,0.12375,1.0,1,1,1,Hypothesis Testing
IT21768351,Data Analyst,0.1375,1.0,1,1,1,Hypothesis Testing
IT21773232,Data Analyst,0.12375,1.0,1,1,1,Hypothesis Testing
IT21774519,Data Analyst,0.1695833333333333,1.0,1,1,1,Hypothesis Testing
IT21774761,Data Analyst,0.1375,1.0,1,1,1,Hypothesis Testing
IT21775284,Data Analyst,0.1833333333333333,1.0,1,1,1,Hypothesis Testing
IT21778937,Data Analyst,0.1375,1.0,1,1,1,Hypothesis Testing
IT21779898,Data Analyst,0.1375,1.0,1,1,1,Hypothesis Testing
IT21780695,Data Analyst,0.1695833333333333,1.0,1,1,1,Hypothesis Testing
IT21781822,Data Analyst,0.15125,1.0,1,1,1,Hypothesis Testing
IT21781910,Data Analyst,0.15125,1.0,1,1,1,Hypothesis Testing
IT21782169,Data Analyst,0.12375,1.0,1,1,1,Hypothesis Testing
IT21782935,Data Analyst,0.12375,1.0,1,1,1,Hypothesis Testing
IT21785043,Data Analyst,0.15125,1.0,1,1,1,Hypothesis Testing
IT21786730,Data Analyst,0.1695833333333333,1.0,1,1,1,Hypothesis Testing
IT21787159,Data Analyst,0.1833333333333333,1.0,1,1,1,Hypothesis Testing
IT21787722,Data Analyst,0.1833333333333333,1.0,1,1,1,Hypothesis Testing
IT21787733,Data Analyst,0.1833333333333333,1.0,1,1,1,Hypothesis Testing
IT21788949,Data Analyst,0.1054166666666666,1.0,1,1,1,Hypothesis Testing
IT21789069,Data Analyst,0.1833333333333333,1.0,1,1,1,Hypothesis Testing
IT21793835,Data Analyst,0.15125,1.0,1,1,1,Hypothesis Testing
IT21797165,Data Analyst,0.1695833333333333,1.0,1,1,1,Hypothesis Testing
IT21797244,Data Analyst,0.0916666666666666,1.0,1,1,1,Hypothesis Testing
IT21797693,Data Analyst,0.1695833333333333,1.0,1,1,1,Hypothesis Testing
IT21797939,Data Analyst,0.1054166666666666,1.0,1,1,1,Hypothesis Testing
IT21798169,Data Analyst,0.0916666666666666,1.0,1,1,1,Hypothesis Testing
IT21798346,Data Analyst,0.1054166666666666,1.0,1,1,1,Hypothesis Testing
IT21799483,Data Analyst,0.15125,1.0,1,1,1,Hypothesis Testing
IT21800326,Data Analyst,0.1054166666666666,1.0,1,1,1,Hypothesis Testing
IT21800366,Data Analyst,0.15125,1.0,1,1,1,Hypothesis Testing
IT21800917,Data Analyst,0.0916666666666666,1.0,1,1,1,Hypothesis Testing
IT21800951,Data Analyst,0.0916666666666666,1.0,1,1,1,Hypothesis Testing
IT21800970,Data Analyst,0.1054166666666666,1.0,1,1,1,Hypothesis Testing
IT21801545,Data Analyst,0.12375,1.0,1,1,1,Hypothesis Testing
IT21801992,Data Analyst,0.1054166666666666,1.0,1,1,1,Hypothesis Testing
IT21802762,Data Analyst,0.1833333333333333,1.0,1,1,1,Hypothesis Testing
IT21802804,Data Analyst,0.0916666666666666,1.0,1,1,1,Hypothesis Testing
IT21803138,Data Analyst,0.1833333333333333,1.0,1,1,1,Hypothesis Testing
IT21803568,Data Analyst,0.15125,1.0,1,1,1,Hypothesis Testing
IT21804402,Data Analyst,0.0916666666666666,1.0,1,1,1,Hypothesis Testing
IT21806224,Data Analyst,0.15125,1.0,1,1,1,Hypothesis Testing
IT21807260,Data Analyst,0.15125,1.0,1,1,1,Hypothesis Testing
IT21807933,Data Analyst,0.0916666666666666,1.0,1,1,1,Hypothesis Testing
IT21809946,Data Analyst,0.15125,1.0,1,1,1,Hypothesis Testing
IT21810205,Data Analyst,0.1375,1.0,1,1,1,Hypothesis Testing
IT21814117,Data Analyst,0.1375,1.0,1,1,1,Hypothesis Testing
IT21815794,Data Analyst,0.12375,1.0,1,1,1,Hypothesis Testing
IT21816539,Data Analyst,0.0916666666666666,1.0,1,1,1,Hypothesis Testing
IT21816878,Data Analyst,0.1695833333333333,1.0,1,1,1,Hypothesis Testing
IT21819088,Data Analyst,0.1833333333333333,1.0,1,1,1,Hypothesis Testing
IT21819581,Data Analyst,0.1054166666666666,1.0,1,1,1,Hypothesis Testing
IT21820159,Data Analyst,0.12375,1.0,1,1,1,Hypothesis Testing
IT21820399,Data Analyst,0.1695833333333333,1.0,1,1,1,Hypothesis Testing
IT21820738,Data Analyst,0.12375,1.0,1,1,1,Hypothesis Testing
IT21821760,Data Analyst,0.1375,1.0,1,1,1,Hypothesis Testing
IT21822123,Data Analyst,0.0916666666666666,1.0,1,1,1,Hypothesis Testing
IT21822287,Data Analyst,0.15125,1.0,1,1,1,Hypothesis Testing
IT21822670,Data Analyst,0.0916666666666666,1.0,1,1,1,Hypothesis Testing
IT21822761,Data Analyst,0.1054166666666666,1.0,1,1,1,Hypothesis Testing
IT21823140,Data Analyst,0.1695833333333333,1.0,1,1,1,Hypothesis Testing
IT21825121,Data Analyst,0.1695833333333333,1.0,1,1,1,Hypothesis Testing
IT21826260,Data Analyst,0.1695833333333333,1.0,1,1,1,Hypothesis Testing
IT21826631,Data Analyst,0.0916666666666666,1.0,1,1,1,Hypothesis Testing
IT21830534,Data Analyst,0.12375,1.0,1,1,1,Hypothesis Testing
IT21832388,Data Analyst,0.15125,1.0,1,1,1,Hypothesis Testing
IT21834414,Data Analyst,0.12375,1.0,1,1,1,Hypothesis Testing
IT21834498,Data Analyst,0.1054166666666666,1.0,1,1,1,Hypothesis Testing
IT21834666,Data Analyst,0.0916666666666666,1.0,1,1,1,Hypothesis Testing
IT21836098,Data Analyst,0.0916666666666666,1.0,1,1,1,Hypothesis Testing
IT21837356,Data Analyst,0.0916666666666666,1.0,1,1,1,Hypothesis Testing
IT21837931,Data Analyst,0.1833333333333333,1.0,1,1,1,Hypothesis Testing
IT21838231,Data Analyst,0.1375,1.0,1,1,1,Hypothesis Testing
IT21841367,Data Analyst,0.1375,1.0,1,1,1,Hypothesis Testing
IT21842472,Data Analyst,0.0916666666666666,1.0,1,1,1,Hypothesis Testing
IT21842923,Data Analyst,0.12375,1.0,1,1,1,Hypothesis Testing
IT21843023,Data Analyst,0.1695833333333333,1.0,1,1,1,Hypothesis Testing
IT21843340,Data Analyst,0.15125,1.0,1,1,1,Hypothesis Testing
IT21844251,Data Analyst,0.1054166666666666,1.0,1,1,1,Hypothesis Testing
IT21845817,Data Analyst,0.12375,1.0,1,1,1,Hypothesis Testing
IT21845880,Data Analyst,0.0916666666666666,1.0,1,1,1,Hypothesis Testing
IT21848330,Data Analyst,0.1833333333333333,1.0,1,1,1,Hypothesis Testing
IT21848739,Data Analyst,0.1833333333333333,1.0,1,1,1,Hypothesis Testing
IT21848836,Data Analyst,0.15125,1.0,1,1,1,Hypothesis Testing
IT21849013,Data Analyst,0.15125,1.0,1,1,1,Hypothesis Testing
IT21849329,Data Analyst,0.1375,1.0,1,1,1,Hypothesis Testing
IT21850237,Data Analyst,0.12375,1.0,1,1,1,Hypothesis Testing
IT21850457,Data Analyst,0.0916666666666666,1.0,1,1,1,Hypothesis Testing
IT21851301,Data Analyst,0.1695833333333333,1.0,1,1,1,Hypothesis Testing
IT21851945,Data Analyst,0.0916666666666666,1.0,1,1,1,Hypothesis Testing
IT21852755,Data Analyst,0.1833333333333333,1.0,1,1,1,Hypothesis Testing
IT21852823,Data Analyst,0.1833333333333333,1.0,1,1,1,Hypothesis Testing
IT21853282,Data Analyst,0.12375,1.0,1,1,1,Hypothesis Testing
IT21855672,Data Analyst,0.12375,1.0,1,1,1,Hypothesis Testing
IT21857761,Data Analyst,0.1054166666666666,1.0,1,1,1,Hypothesis Testing
IT21857871,Data Analyst,0.12375,1.0,1,1,1,Hypothesis Testing
IT21858633,Data Analyst,0.12375,1.0,1,1,1,Hypothesis Testing
IT21860571,Data Analyst,0.1054166666666666,1.0,1,1,1,Hypothesis Testing
IT21864908,Data Analyst,0.12375,1.0,1,1,1,Hypothesis Testing
IT21865614,Data Analyst,0.1695833333333333,1.0,1,1,1,Hypothesis Testing
IT21865893,Data Analyst,0.12375,1.0,1,1,1,Hypothesis Testing
IT21866245,Data Analyst,0.1833333333333333,1.0,1,1,1,Hypothesis Testing
IT21867534,Data Analyst,0.15125,1.0,1,1,1,Hypothesis Testing
IT21869122,Data Analyst,0.1833333333333333,1.0,1,1,1,Hypothesis Testing
IT21869814,Data Analyst,0.1375,1.0,1,1,1,Hypothesis Testing
IT21871316,Data Analyst,0.1833333333333333,1.0,1,1,1,Hypothesis Testing
IT21871920,Data Analyst,0.12375,1.0,1,1,1,Hypothesis Testing
IT21872951,Data Analyst,0.1695833333333333,1.0,1,1,1,Hypothesis Testing
IT21873249,Data Analyst,0.15125,1.0,1,1,1,Hypothesis Testing
IT21873293,Data Analyst,0.15125,1.0,1,1,1,Hypothesis Testing
IT21873888,Data Analyst,0.1833333333333333,1.0,1,1,1,Hypothesis Testing
IT21874861,Data Analyst,0.12375,1.0,1,1,1,Hypothesis Testing
IT21875280,Data Analyst,0.0916666666666666,1.0,1,1,1,Hypothesis Testing
IT21876640,Data Analyst,0.1833333333333333,1.0,1,1,1,Hypothesis Testing
IT21876901,Data Analyst,0.12375,1.0,1,1,1,Hypothesis Testing
IT21878321,Data Analyst,0.1695833333333333,1.0,1,1,1,Hypothesis Testing
IT21879095,Data Analyst,0.1375,1.0,1,1,1,Hypothesis Testing
IT21879257,Data Analyst,0.15125,1.0,1,1,1,Hypothesis Testing
IT21881406,Data Analyst,0.12375,1.0,1,1,1,Hypothesis Testing
IT21882136,Data Analyst,0.1375,1.0,1,1,1,Hypothesis Testing
IT21883259,Data Analyst,0.1695833333333333,1.0,1,1,1,Hypothesis Testing
IT21884853,Data Analyst,0.1695833333333333,1.0,1,1,1,Hypothesis Testing
IT21884887,Data Analyst,0.1054166666666666,1.0,1,1,1,Hypothesis Testing
IT21887232,Data Analyst,0.1833333333333333,1.0,1,1,1,Hypothesis Testing
IT21887907,Data Analyst,0.12375,1.0,1,1,1,Hypothesis Testing
IT21888124,Data Analyst,0.1054166666666666,1.0,1,1,1,Hypothesis Testing
IT21888961,Data Analyst,0.1833333333333333,1.0,1,1,1,Hypothesis Testing
IT21890784,Data Analyst,0.0916666666666666,1.0,1,1,1,Hypothesis Testing
IT21891574,Data Analyst,0.1833333333333333,1.0,1,1,1,Hypothesis Testing
IT21892131,Data Analyst,0.1054166666666666,1.0,1,1,1,Hypothesis Testing
IT21892243,Data Analyst,0.1375,1.0,1,1,1,Hypothesis Testing
IT21895041,Data Analyst,0.1695833333333333,1.0,1,1,1,Hypothesis Testing
IT21896042,Data Analyst,0.1695833333333333,1.0,1,1,1,Hypothesis Testing
IT21897810,Data Analyst,0.1054166666666666,1.0,1,1,1,Hypothesis Testing
IT21898074,Data Analyst,0.1054166666666666,1.0,1,1,1,Hypothesis Testing
IT21898344,Data Analyst,0.1375,1.0,1,1,1,Hypothesis Testing
IT21899599,Data Analyst,0.1833333333333333,1.0,1,1,1,Hypothesis Testing
IT21900199,Data Analyst,0.1695833333333333,1.0,1,1,1,Hypothesis Testing
IT21901072,Data Analyst,0.15125,1.0,1,1,1,Hypothesis Testing
IT21905987,Data Analyst,0.15125,1.0,1,1,1,Hypothesis Testing
IT21906047,Data Analyst,0.1833333333333333,1.0,1,1,1,Hypothesis Testing
IT21907828,Data Analyst,0.1695833333333333,1.0,1,1,1,Hypothesis Testing
IT21909947,Data Analyst,0.12375,1.0,1,1,1,Hypothesis Testing
IT21911350,Data Analyst,0.15125,1.0,1,1,1,Hypothesis Testing
IT21915638,Data Analyst,0.1833333333333333,1.0,1,1,1,Hypothesis Testing
IT21915992,Data Analyst,0.15125,1.0,1,1,1,Hypothesis Testing
IT21916117,Data Analyst,0.1833333333333333,1.0,1,1,1,Hypothesis Testing
IT21916443,Data Analyst,0.12375,1.0,1,1,1,Hypothesis Testing
IT21917976,Data Analyst,0.0916666666666666,1.0,1,1,1,Hypothesis Testing
IT21918376,Data Analyst,0.1054166666666666,1.0,1,1,1,Hypothesis Testing
IT21922631,Data Analyst,0.0916666666666666,1.0,1,1,1,Hypothesis Testing
IT21923315,Data Analyst,0.0916666666666666,1.0,1,1,1,Hypothesis Testing
IT21924538,Data Analyst,0.1695833333333333,1.0,1,1,1,Hypothesis Testing
IT21924685,Data Analyst,0.15125,1.0,1,1,1,Hypothesis Testing
IT21928876,Data Analyst,0.1833333333333333,1.0,1,1,1,Hypothesis Testing
IT21929811,Data Analyst,0.0916666666666666,1.0,1,1,1,Hypothesis Testing
IT21931389,Data Analyst,0.15125,1.0,1,1,1,Hypothesis Testing
IT21932351,Data Analyst,0.1054166666666666,1.0,1,1,1,Hypothesis Testing
IT21932596,Data Analyst,0.0916666666666666,1.0,1,1,1,Hypothesis Testing
IT21934954,Data Analyst,0.0916666666666666,1.0,1,1,1,Hypothesis Testing
IT21936385,Data Analyst,0.1833333333333333,1.0,1,1,1,Hypothesis Testing
IT21938764,Data Analyst,0.12375,1.0,1,1,1,Hypothesis Testing
IT21939286,Data Analyst,0.1054166666666666,1.0,1,1,1,Hypothesis Testing
IT21939427,Data Analyst,0.1054166666666666,1.0,1,1,1,Hypothesis Testing
IT21939563,Data Analyst,0.15125,1.0,1,1,1,Hypothesis Testing
IT21940845,Data Analyst,0.1833333333333333,1.0,1,1,1,Hypothesis Testing
IT21941319,Data Analyst,0.0916666666666666,1.0,1,1,1,Hypothesis Testing
IT21941657,Data Analyst,0.1833333333333333,1.0,1,1,1,Hypothesis Testing
IT21942321,Data Analyst,0.1833333333333333,1.0,1,1,1,Hypothesis Testing
IT21943510,Data Analyst,0.12375,1.0,1,1,1,Hypothesis Testing
IT21943696,Data Analyst,0.0916666666666666,1.0,1,1,1,Hypothesis Testing
IT21944458,Data Analyst,0.15125,1.0,1,1,1,Hypothesis Testing
IT21947251,Data Analyst,0.12375,1.0,1,1,1,Hypothesis Testing
IT21947471,Data Analyst,0.1833333333333333,1.0,1,1,1,Hypothesis Testing
IT21948141,Data Analyst,0.12375,1.0,1,1,1,Hypothesis Testing
IT21950032,Data Analyst,0.12375,1.0,1,1,1,Hypothesis Testing
IT21950363,Data Analyst,0.1375,1.0,1,1,1,Hypothesis Testing
IT21951931,Data Analyst,0.0916666666666666,1.0,1,1,1,Hypothesis Testing
IT21953368,Data Analyst,0.1833333333333333,1.0,1,1,1,Hypothesis Testing
IT21956758,Data Analyst,0.1833333333333333,1.0,1,1,1,Hypothesis Testing
IT21956800,Data Analyst,0.15125,1.0,1,1,1,Hypothesis Testing
IT21957840,Data Analyst,0.12375,1.0,1,1,1,Hypothesis Testing
IT21958825,Data Analyst,0.0916666666666666,1.0,1,1,1,Hypothesis Testing
IT21958999,Data Analyst,0.1833333333333333,1.0,1,1,1,Hypothesis Testing
IT21959475,Data Analyst,0.0916666666666666,1.0,1,1,1,Hypothesis Testing
IT21961197,Data Analyst,0.15125,1.0,1,1,1,Hypothesis Testing
IT21963322,Data Analyst,0.1054166666666666,1.0,1,1,1,Hypothesis Testing
IT21963339,Data Analyst,0.1054166666666666,1.0,1,1,1,Hypothesis Testing
IT21963527,Data Analyst,0.1833333333333333,1.0,1,1,1,Hypothesis Testing
IT21964419,Data Analyst,0.1833333333333333,1.0,1,1,1,Hypothesis Testing
IT21964694,Data Analyst,0.0916666666666666,1.0,1,1,1,Hypothesis Testing
IT21965788,Data Analyst,0.1054166666666666,1.0,1,1,1,Hypothesis Testing
IT21967003,Data Analyst,0.15125,1.0,1,1,1,Hypothesis Testing
IT21967534,Data Analyst,0.1695833333333333,1.0,1,1,1,Hypothesis Testing
IT21968235,Data Analyst,0.15125,1.0,1,1,1,Hypothesis Testing
IT21968289,Data Analyst,0.1833333333333333,1.0,1,1,1,Hypothesis Testing
IT21968646,Data Analyst,0.1833333333333333,1.0,1,1,1,Hypothesis Testing
IT21969277,Data Analyst,0.15125,1.0,1,1,1,Hypothesis Testing
IT21970219,Data Analyst,0.1833333333333333,1.0,1,1,1,Hypothesis Testing
IT21970632,Data Analyst,0.15125,1.0,1,1,1,Hypothesis Testing
IT21971082,Data Analyst,0.1695833333333333,1.0,1,1,1,Hypothesis Testing
IT21973114,Data Analyst,0.1375,1.0,1,1,1,Hypothesis Testing
IT21974061,Data Analyst,0.0916666666666666,1.0,1,1,1,Hypothesis Testing
IT21974217,Data Analyst,0.0916666666666666,1.0,1,1,1,Hypothesis Testing
IT21974464,Data Analyst,0.15125,1.0,1,1,1,Hypothesis Testing
IT21975849,Data Analyst,0.1833333333333333,1.0,1,1,1,Hypothesis Testing
IT21976565,Data Analyst,0.1833333333333333,1.0,1,1,1,Hypothesis Testing
IT21977350,Data Analyst,0.12375,1.0,1,1,1,Hypothesis Testing
IT21977530,Data Analyst,0.1375,1.0,1,1,1,Hypothesis Testing
IT21981486,Data Analyst,0.12375,1.0,1,1,1,Hypothesis Testing
IT21982547,Data Analyst,0.1054166666666666,1.0,1,1,1,Hypothesis Testing
IT21982953,Data Analyst,0.15125,1.0,1,1,1,Hypothesis Testing
IT21986148,Data Analyst,0.1375,1.0,1,1,1,Hypothesis Testing
IT21987484,Data Analyst,0.12375,1.0,1,1,1,Hypothesis Testing
IT21989022,Data Analyst,0.12375,1.0,1,1,1,Hypothesis Testing
IT21989726,Data Analyst,0.1375,1.0,1,1,1,Hypothesis Testing
IT21989967,Data Analyst,0.0916666666666666,1.0,1,1,1,Hypothesis Testing
IT21990760,Data Analyst,0.1695833333333333,1.0,1,1,1,Hypothesis Testing
IT21990944,Data Analyst,0.12375,1.0,1,1,1,Hypothesis Testing
IT21991163,Data Analyst,0.1833333333333333,1.0,1,1,1,Hypothesis Testing
IT21992398,Data Analyst,0.1375,1.0,1,1,1,Hypothesis Testing
IT21992527,Data Analyst,0.12375,1.0,1,1,1,Hypothesis Testing
IT21993069,Data Analyst,0.1695833333333333,1.0,1,1,1,Hypothesis Testing
IT21994363,Data Analyst,0.0916666666666666,1.0,1,1,1,Hypothesis Testing
IT21996838,Data Analyst,0.1695833333333333,1.0,1,1,1,Hypothesis Testing
IT21996906,Data Analyst,0.1833333333333333,1.0,1,1,1,Hypothesis Testing
IT21996977,Data Analyst,0.0916666666666666,1.0,1,1,1,Hypothesis Testing
IT21997564,Data Analyst,0.1833333333333333,1.0,1,1,1,Hypothesis Testing
